country,pop1,pop2,pop3,pop1PC,pop2PC,pop3PC,pcEN,pcES,pcFR,motivSchool,motivWork,motivTravel,motivBrain,motivFamily,motivCulture,motivOther,ui1,ui2,ui1PC,ui2PC,covidPop1,covidPop2,covidPop3,covidSchool,covidWork,covidTravel,covidBrain,covidFamily,covidCulture,covidOther
Afghanistan,English,Spanish,German,0.189241782,0.145458336,0.12224616,0.189241782,0.145458336,0.103968309,0.197235308,0.147038381,0.173913043,0.127963549,0.136458414,0.09128118,0.126110124,English,Arabic,0.597018556,0.052783376,English,Turkish,Spanish,0.170831209,0.162672106,0.159102499,0.139214686,0.134115247,0.092809791,0.141254462
Albania,German,English,Italian,0.326755237,0.131411085,0.110146755,0.131411085,0.09388738,0.105125636,0.25540748,0.172097404,0.098427761,0.136570844,0.117243465,0.109370639,0.110882408,English,Italian,0.611822257,0.061384794,German,English,Italian,0.22469814,0.164326061,0.096854433,0.154946365,0.113333679,0.136135151,0.109706172
Algeria,English,French,Spanish,0.523004479,0.196335079,0.083244743,0.523004479,0.083244743,0.196335079,0.233933997,0.099851778,0.127689089,0.139234084,0.169958473,0.136526067,0.092806512,French,Arabic,0.388050757,0.362529465,English,French,Spanish,0.210972252,0.100814646,0.139096733,0.139136807,0.162328183,0.150208671,0.097442709
Andorra,English,French,Spanish,0.402067484,0.171805045,0.111345685,0.402067484,0.111345685,0.171805045,0.212434555,0.209554974,0.196073298,0.107198953,0.073691099,0.110732984,0.090314136,Spanish,English,0.541331489,0.172059841,English,French,Catalan,0.207935342,0.235855988,0.146216018,0.123438648,0.072740632,0.119030125,0.094783248
Angola,English,French,Spanish,0.632058288,0.121748634,0.092082574,0.632058288,0.092082574,0.121748634,0.327736789,0.194358266,0.10209349,0.141277994,0.0957322,0.049899627,0.088901635,Portuguese,English,0.692119004,0.100267152,English,French,Spanish,0.334084688,0.19449364,0.088391563,0.144743198,0.090645629,0.057800676,0.089840605
Antigua-Barbuda,Spanish,French,English,0.442975403,0.220177476,0.10297183,0.10297183,0.442975403,0.220177476,0.25261664,0.136597481,0.132517296,0.184850098,0.118857548,0.059251375,0.115309562,English,Spanish,0.713298791,0.083378,Spanish,French,English,0.251041667,0.1375,0.111458333,0.201041667,0.122916667,0.06875,0.107291667
Argentina,English,Italian,French,0.523448131,0.125103976,0.092797999,0.523448131,0.023936274,0.092797999,0.240940923,0.130373661,0.171991117,0.172748651,0.083196016,0.110628383,0.090121249,Spanish,English,0.684607712,0.058451613,English,Italian,French,0.253860967,0.119345929,0.148123991,0.192066382,0.078724543,0.121457993,0.086420196
Armenia,English,French,Spanish,0.609012868,0.082444952,0.072345147,0.609012868,0.072345147,0.082444952,0.280060346,0.132795208,0.122322677,0.158079045,0.1176205,0.093592045,0.095530179,Russian,Arabic,0.431541458,0.234293998,English,French,Spanish,0.26537418,0.135484965,0.132489261,0.160015826,0.11587158,0.08783631,0.102927877
Australia,Spanish,French,Japanese,0.171730536,0.161291536,0.104506219,0.054439675,0.171730536,0.161291536,0.20112588,0.058630944,0.164098139,0.187894266,0.131544707,0.10959076,0.147115305,English,Chinese,0.64536503,0.012039241,Spanish,French,Italian,0.237208218,0.051123143,0.135001517,0.204395807,0.122945376,0.108395315,0.140930623
Austria,English,Spanish,German,0.271093795,0.171050272,0.136780229,0.271093795,0.171050272,0.115670965,0.212203714,0.129514222,0.199716455,0.160996325,0.11190722,0.067509554,0.11815251,English,German,0.363434241,0.335522776,English,Spanish,French,0.218896182,0.125136359,0.175224184,0.180216326,0.108144587,0.070074882,0.122307479
Azerbaijan,English,Russian,German,0.489534512,0.18231441,0.081217563,0.489534512,0.043856741,0.042110588,0.272585809,0.158145445,0.110774019,0.122881356,0.134143474,0.074340058,0.127129839,Turkish,English,0.378286541,0.230549395,English,Russian,Turkish,0.255465906,0.150551045,0.114510423,0.124207794,0.143602535,0.077680776,0.133981522
Bahamas,Spanish,French,English,0.434448225,0.180485241,0.075358951,0.075358951,0.434448225,0.180485241,0.224851621,0.132247755,0.13955258,0.203926343,0.104550297,0.069015371,0.125856034,English,Spanish,0.677843251,0.047251501,Spanish,French,English,0.230685921,0.132490975,0.120577617,0.219855596,0.100722022,0.066425993,0.129241877
Bahrain,English,French,Spanish,0.400299639,0.119930708,0.113675734,0.400299639,0.113675734,0.119930708,0.275790502,0.105827534,0.085886949,0.1713466,0.127762178,0.106173442,0.127212795,English,Arabic,0.391113816,0.379568332,English,Spanish,French,0.224835372,0.102304798,0.087370649,0.198024459,0.123941675,0.121001881,0.142521167
Bangladesh,Spanish,French,English,0.169637288,0.140997226,0.112406933,0.112406933,0.169637288,0.140997226,0.14929875,0.170352851,0.112877615,0.204116479,0.122391491,0.097258117,0.143704698,English,Hindi,0.634265219,0.058421479,Spanish,French,English,0.136918834,0.175269241,0.105857631,0.215753874,0.11403336,0.101260835,0.150906225
Barbados,Spanish,French,Japanese,0.425996525,0.2121943,0.049586348,0.043388055,0.425996525,0.2121943,0.261615647,0.115465717,0.139169636,0.187013742,0.099396495,0.070166509,0.127172253,English,Spanish,0.690396535,0.027464405,Spanish,French,Japanese,0.253974262,0.121498864,0.112036336,0.193792581,0.111657835,0.067751703,0.139288418
Belarus,English,German,French,0.637879651,0.103645813,0.061181363,0.637879651,0.060471328,0.061181363,0.275668974,0.163231331,0.222477051,0.139772866,0.059309751,0.034896649,0.104643379,Russian,English,0.728242494,0.113786758,English,German,French,0.285621488,0.14635097,0.211601546,0.145019325,0.065672805,0.034557797,0.111176069
Belgium,English,Spanish,French,0.3068357,0.166711726,0.133880125,0.3068357,0.166711726,0.133880125,0.206924687,0.13254362,0.192806216,0.137291445,0.128420809,0.087615428,0.114397795,English,French,0.349599772,0.236964997,English,Spanish,French,0.20094193,0.122271935,0.191098761,0.1550511,0.120510526,0.091103471,0.119022277
Belize,Spanish,English,French,0.349596047,0.202643345,0.115773786,0.202643345,0.349596047,0.115773786,0.223410885,0.12640216,0.147174907,0.191005401,0.12193602,0.074989614,0.115081014,English,Spanish,0.550160797,0.190524747,Spanish,English,French,0.234975962,0.111778846,0.110576923,0.207331731,0.130408654,0.080528846,0.124399038
Benin,English,Spanish,French,0.657151627,0.099491362,0.091774095,0.657151627,0.099491362,0.091774095,0.192626975,0.242613586,0.133981969,0.089172543,0.123092029,0.126930287,0.091582612,French,English,0.719810576,0.146847321,English,Spanish,French,0.185245902,0.26284153,0.142076503,0.1,0.08579235,0.117486339,0.106557377
Bhutan,Korean,Japanese,Spanish,0.183745583,0.155359246,0.149116608,0.145936396,0.149116608,0.112720848,0.165899627,0.104755643,0.143545913,0.186938418,0.126451896,0.100372562,0.172035941,English,Chinese,0.547467609,0.125795053,Korean,Japanese,Spanish,0.158854167,0.083333333,0.130208333,0.229166667,0.139322917,0.078125,0.180989583
Bolivia,English,Portuguese,French,0.647036948,0.091757268,0.07323956,0.647036948,0.027242954,0.07323956,0.361766634,0.159096091,0.10748436,0.129686632,0.094316903,0.077604634,0.070044747,Spanish,English,0.730645549,0.048238857,English,Portuguese,French,0.365565883,0.160257249,0.096632192,0.133926818,0.08992276,0.083720626,0.069974471
Bosnia-Herzegovina,German,Spanish,English,0.346514277,0.134620803,0.085731261,0.085731261,0.134620803,0.075863928,0.205800107,0.185424325,0.120935055,0.15196217,0.117714519,0.077654193,0.14050963,English,German,0.644402386,0.042078571,German,Spanish,English,0.185213101,0.146909689,0.133753597,0.172262574,0.123064273,0.088255447,0.150541318
Botswana,French,Spanish,Chinese,0.322470328,0.207402937,0.064172199,0.039160464,0.207402937,0.322470328,0.247227658,0.105838226,0.104207436,0.215427267,0.119047619,0.067840835,0.140410959,English,French,0.682022397,0.014685174,French,Spanish,Chinese,0.247399703,0.116641902,0.085438336,0.22808321,0.118127786,0.0653789,0.138930163
Brazil,English,Spanish,French,0.608822447,0.153182052,0.077929759,0.608822447,0.153182052,0.077929759,0.335956106,0.147291198,0.180694659,0.125321944,0.066819474,0.070695014,0.073221604,Portuguese,English,0.71017316,0.057265024,English,Spanish,French,0.352090101,0.143744225,0.156976326,0.134009768,0.06565695,0.075137884,0.072384746
Brunei,Korean,Japanese,Chinese,0.160367408,0.144985497,0.130438604,0.070185462,0.108508394,0.105871495,0.147229491,0.080782797,0.114119923,0.239845261,0.121856867,0.092729548,0.203436113,English,Indonesian,0.569789927,0.036521051,Korean,Japanese,Chinese,0.133180253,0.061997704,0.096440873,0.287026406,0.116532721,0.09184845,0.212973594
Bulgaria,English,Spanish,German,0.212409049,0.158225294,0.152397804,0.212409049,0.158225294,0.098038762,0.218033182,0.155881152,0.141349937,0.166440873,0.100391582,0.107777819,0.110125455,English,Russian,0.518391983,0.060011245,English,Spanish,German,0.201728817,0.141622274,0.12900794,0.192079606,0.102975173,0.122173083,0.110413107
Burkina-Faso,English,Spanish,French,0.725532634,0.079945891,0.073791004,0.725532634,0.079945891,0.073791004,0.22392638,0.257935449,0.0956255,0.097626034,0.143638304,0.110696186,0.070552147,French,English,0.769766655,0.104835982,English,Spanish,German,0.220142602,0.317290553,0.101604278,0.107843137,0.094474153,0.083778966,0.07486631
Cabo-Verde,English,French,Spanish,0.562519154,0.13201042,0.103317499,0.562519154,0.103317499,0.13201042,0.32815008,0.187600321,0.134229535,0.122191011,0.089386035,0.059289727,0.079153291,Portuguese,English,0.595234447,0.137335274,English,French,Spanish,0.353306953,0.172979084,0.103448276,0.132843414,0.097230073,0.064443188,0.075749011
Cambodia,English,Chinese,Spanish,0.206593606,0.150560034,0.132491018,0.206593606,0.132491018,0.130211635,0.188861547,0.141745676,0.1767388,0.146775711,0.127632626,0.100636897,0.117608743,English,Chinese,0.542734656,0.065392627,English,Chinese,Spanish,0.199373041,0.132288401,0.167189133,0.156321839,0.123510972,0.10846395,0.112852665
Cameroon,English,Spanish,German,0.556683848,0.11129475,0.107597064,0.556683848,0.11129475,0.093422601,0.255821121,0.172209925,0.133122251,0.101319734,0.130880664,0.125304716,0.08134159,French,English,0.645162194,0.189072217,English,Spanish,German,0.269506022,0.197242102,0.128818293,0.112061442,0.091988131,0.112061442,0.088322569
Canada,French,Spanish,English,0.301436753,0.199571647,0.138912054,0.138912054,0.199571647,0.301436753,0.288975799,0.092909999,0.146967573,0.144686517,0.111049551,0.094231939,0.121178622,English,French,0.563137103,0.124727959,French,English,Spanish,0.343528312,0.08033196,0.121158239,0.149224316,0.103511151,0.08870469,0.113541333
Chad,English,French,Spanish,0.606714628,0.210688592,0.072798904,0.606714628,0.072798904,0.210688592,0.294117647,0.19618109,0.094856791,0.097012627,0.136741608,0.106867878,0.074222359,French,Arabic,0.472593354,0.262076053,English,French,Spanish,0.290187891,0.200417537,0.096033403,0.081419624,0.141962422,0.118997912,0.070981211
Chile,English,French,Italian,0.604932412,0.089138021,0.071950708,0.604932412,0.027628759,0.089138021,0.290384993,0.130772568,0.145083517,0.141077608,0.078041877,0.118641214,0.095998223,Spanish,English,0.711196421,0.068634022,English,French,Italian,0.340534332,0.119619505,0.109916505,0.147041443,0.0714524,0.120258111,0.091177704
China,English,Japanese,Korean,0.444160442,0.232559727,0.138157073,0.444160442,0.042693915,0.065340726,0.338533483,0.123797999,0.138426162,0.078851185,0.046468238,0.125758238,0.148164694,Chinese,English,0.625253086,0.072282568,English,Japanese,Korean,0.346775979,0.128674718,0.136605909,0.075165354,0.041963027,0.125943916,0.144871097
Colombia,English,French,Portuguese,0.693111131,0.092515973,0.056702036,0.693111131,0.021028679,0.092515973,0.361683418,0.153335238,0.113221621,0.144637131,0.075611617,0.085384383,0.066126592,Spanish,English,0.770641853,0.045109755,English,French,Italian,0.367829859,0.145940528,0.099302148,0.156849133,0.073221255,0.090031342,0.066825734
Congo,English,Spanish,French,0.636744009,0.112209966,0.080924306,0.636744009,0.112209966,0.080924306,0.219557965,0.221017515,0.116972477,0.102376981,0.133861551,0.116346956,0.089866555,French,English,0.703023963,0.115157855,English,Spanish,French,0.239099859,0.258790436,0.102672293,0.094233474,0.102672293,0.102672293,0.099859353
Costa-Rica,English,French,Portuguese,0.587828157,0.087484295,0.080273106,0.587828157,0.061347455,0.087484295,0.327253371,0.200148798,0.112754008,0.129130891,0.079371176,0.07684584,0.074495916,Spanish,English,0.67730509,0.11353076,English,French,Portuguese,0.350215271,0.199738327,0.080251327,0.140070895,0.074835314,0.080905509,0.073983356
Cote-dIvoire,English,Spanish,French,0.691498237,0.097976155,0.067039858,0.691498237,0.097976155,0.067039858,0.266842175,0.220771357,0.101908648,0.098907463,0.12512834,0.11375543,0.072686587,French,English,0.75097559,0.105000404,English,Spanish,French,0.26685615,0.249644718,0.104373914,0.104216011,0.083846518,0.106110848,0.08495184
Croatia,German,Spanish,Italian,0.217993417,0.173223251,0.124018186,0.102995649,0.173223251,0.094934732,0.164112721,0.168091317,0.155521387,0.180504882,0.110358247,0.078451301,0.142960145,English,German,0.586767823,0.045102086,Spanish,German,Italian,0.128791911,0.156711835,0.134891718,0.219593073,0.112989724,0.089286445,0.157735293
Cuba,English,French,Spanish,0.588312747,0.093437098,0.084072753,0.588312747,0.084072753,0.093437098,0.30018827,0.202881349,0.137580322,0.077968322,0.116809233,0.086256293,0.078316212,Spanish,English,0.691340192,0.109276892,English,French,Italian,0.319300801,0.184850692,0.109249818,0.083175528,0.122068463,0.094246176,0.087108521
Cyprus,English,Spanish,Greek,0.260261337,0.15895465,0.132567708,0.260261337,0.15895465,0.087118506,0.145091924,0.188300093,0.142275094,0.185961118,0.127285531,0.07924851,0.13183773,English,Greek,0.50914681,0.125821766,English,Spanish,Greek,0.116981908,0.181743421,0.12890625,0.227898849,0.119346217,0.084909539,0.140213816
Czechia,English,Spanish,German,0.538007178,0.090851108,0.086570952,0.538007178,0.090851108,0.051949172,0.266146528,0.129869355,0.219953072,0.166930232,0.08155367,0.047207273,0.088339869,Czech,English,0.491944484,0.296295224,English,Spanish,German,0.314337108,0.110206042,0.193736969,0.169075263,0.081762806,0.044029271,0.086852541
Democratic-Rep-Congo,English,Spanish,French,0.598492327,0.114571181,0.112985731,0.598492327,0.114571181,0.112985731,0.162176166,0.2154289,0.123891767,0.108290155,0.16488198,0.111744387,0.113586644,French,English,0.621855275,0.177390888,English,Spanish,French,0.166191155,0.239657632,0.117689016,0.117332382,0.12125535,0.101997147,0.135877318
Denmark,Spanish,Danish,German,0.179883301,0.159556061,0.145431523,0.0610027,0.179883301,0.134887176,0.295515515,0.091953328,0.160734728,0.15688138,0.107651834,0.083317854,0.103945362,English,German,0.631315624,0.020163102,Spanish,German,Danish,0.294763688,0.076718057,0.143165683,0.188245296,0.099234887,0.090664706,0.107207683
Djibouti,English,French,Spanish,0.446932378,0.183273623,0.135691894,0.446932378,0.135691894,0.183273623,0.251529239,0.189136286,0.125519941,0.110105212,0.131636897,0.098360656,0.093711769,French,English,0.385915808,0.291983878,English,Spanish,French,0.278884462,0.188579017,0.139442231,0.1062417,0.114209827,0.104913679,0.067729084
Dominica,Spanish,French,English,0.353392569,0.317447496,0.07902531,0.07902531,0.353392569,0.317447496,0.316049383,0.099470899,0.122045855,0.175308642,0.105114638,0.062433862,0.11957672,English,French,0.674878837,0.038906839,Spanish,French,English,0.398589065,0.102292769,0.082892416,0.160493827,0.100529101,0.045855379,0.109347443
Dominican-Rep,English,French,Italian,0.728806379,0.070729193,0.048818653,0.728806379,0.041831916,0.070729193,0.316767172,0.169707651,0.157612209,0.112344401,0.104689118,0.059176302,0.079703146,Spanish,English,0.776161814,0.068673289,English,French,Italian,0.332175629,0.159937335,0.147213634,0.118400875,0.099626164,0.059772383,0.082873981
Ecuador,English,French,Italian,0.654548587,0.090281072,0.068427088,0.654548587,0.029165968,0.090281072,0.385681683,0.128260132,0.123433951,0.132042721,0.083150177,0.083740493,0.063690843,Spanish,English,0.738290313,0.062548053,English,French,Italian,0.390675685,0.125271308,0.109494006,0.142035185,0.075918896,0.091293676,0.065311245
Egypt,English,German,French,0.502315892,0.113425206,0.111848439,0.502315892,0.067681556,0.111848439,0.239104372,0.155934237,0.121442761,0.15300371,0.107653766,0.124856105,0.098005049,Arabic,English,0.53063102,0.28432254,English,French,German,0.204533417,0.146029838,0.11874483,0.167268702,0.116168078,0.140394309,0.106860826
El-Salvador,English,French,Italian,0.687909298,0.086419534,0.065273145,0.687909298,0.022973915,0.086419534,0.353020031,0.216802734,0.094327667,0.122903596,0.083797573,0.066392701,0.062755698,Spanish,English,0.760131233,0.061040641,English,French,Italian,0.348476275,0.211846253,0.081986097,0.13442729,0.08305715,0.074185595,0.06602134
Estonia,English,Spanish,Russian,0.172032904,0.156838468,0.123778903,0.172032904,0.156838468,0.097441449,0.19878199,0.136923498,0.176200903,0.172733908,0.102093883,0.077323115,0.135942703,English,Russian,0.497202901,0.168914933,English,Spanish,Russian,0.17991374,0.12138016,0.166112138,0.2017252,0.104990758,0.082193469,0.143684535
Ethiopia,French,Spanish,English,0.266519758,0.208376761,0.093147911,0.093147911,0.208376761,0.266519758,0.161832813,0.133618,0.102020036,0.239349647,0.135555921,0.072622762,0.155000821,English,Arabic,0.639364522,0.029257616,French,Spanish,English,0.152030619,0.1258771,0.08972996,0.263874123,0.136933872,0.073995322,0.157559005
Fiji,Spanish,French,English,0.217600656,0.189017519,0.097121197,0.097121197,0.217600656,0.189017519,0.164705882,0.104545455,0.145454545,0.218449198,0.131550802,0.089037433,0.146256684,English,Chinese,0.631902469,0.026021924,French,Spanish,English,0.164383562,0.103500761,0.108066971,0.228310502,0.136986301,0.111111111,0.147640791
Finland,Spanish,Swedish,Finnish,0.162547956,0.145896038,0.098992955,0.059230126,0.162547956,0.083876558,0.191066435,0.131495605,0.167316377,0.157372457,0.138344602,0.084731885,0.129672639,English,Russian,0.567051644,0.026915269,Spanish,Swedish,French,0.176330511,0.105382522,0.161437859,0.189333233,0.12118234,0.098238585,0.14809495
France,English,Spanish,French,0.456093912,0.159221817,0.091090264,0.456093912,0.159221817,0.091090264,0.275055243,0.130224045,0.198017708,0.099377269,0.10055966,0.114656903,0.082109171,French,English,0.531066642,0.165319119,English,Spanish,Italian,0.287551709,0.124293266,0.198390662,0.101538516,0.090734529,0.119695793,0.077795524
Gabon,English,Spanish,French,0.638124778,0.137184116,0.066609041,0.638124778,0.137184116,0.066609041,0.286929134,0.165564304,0.115800525,0.110446194,0.118530184,0.114435696,0.088293963,French,English,0.707886307,0.09828647,English,Spanish,French,0.28449848,0.190273556,0.119756839,0.108206687,0.097264438,0.09787234,0.10212766
Gambia,French,Spanish,English,0.295666046,0.167907471,0.13706461,0.13706461,0.167907471,0.295666046,0.268991283,0.148816936,0.149750934,0.132938979,0.140722291,0.056662516,0.102117061,English,French,0.633608083,0.038952406,French,Spanish,English,0.254,0.182,0.11,0.136,0.15,0.05,0.118
Georgia,English,German,Spanish,0.272830728,0.138827345,0.115211086,0.272830728,0.115211086,0.098322188,0.201281129,0.157012526,0.148585848,0.148939814,0.112310029,0.092819055,0.139051599,English,Russian,0.462601716,0.231872382,English,Spanish,German,0.18760469,0.150227327,0.142522134,0.159846853,0.121703757,0.091505145,0.146590093
Germany,English,Spanish,German,0.308847009,0.169976902,0.150353336,0.308847009,0.169976902,0.125182457,0.235762217,0.129845088,0.199776274,0.140990448,0.116484059,0.064989338,0.112152576,German,English,0.411152799,0.276397531,English,Spanish,French,0.247262678,0.122080684,0.182901949,0.152671599,0.111982602,0.068365731,0.114734757
Ghana,French,Spanish,German,0.374010209,0.229902898,0.094067246,0.043074458,0.229902898,0.374010209,0.267632536,0.153058193,0.141626226,0.186321255,0.09884124,0.046421143,0.106099407,English,French,0.683941878,0.023597257,French,Spanish,German,0.257448004,0.1628724,0.129286116,0.197863969,0.096613266,0.042158516,0.113757729
Great-Britain,Spanish,French,German,0.241547744,0.19196037,0.082203501,0.074246146,0.241547744,0.19196037,0.20747046,0.080291201,0.18939153,0.161106338,0.121630772,0.100962516,0.139147184,English,Spanish,0.629577315,0.016153255,Spanish,French,German,0.232382,0.064795612,0.179473639,0.18055081,0.111424588,0.09767079,0.133702562
Greece,English,Spanish,French,0.35074585,0.154680335,0.082545822,0.35074585,0.154680335,0.082545822,0.120429122,0.196249131,0.1735006,0.215777665,0.085467358,0.080575744,0.128000379,English,Greek,0.427874079,0.278775159,English,Spanish,Italian,0.09686646,0.195455464,0.158580284,0.262794135,0.072974151,0.085893224,0.127436282
Grenada,Spanish,French,Chinese,0.415914594,0.213295179,0.049306626,0.042262822,0.415914594,0.213295179,0.307716939,0.097662504,0.138008325,0.187319885,0.095100865,0.061799552,0.112391931,English,Spanish,0.654853621,0.025313669,Spanish,French,Chinese,0.293814433,0.111683849,0.137457045,0.197594502,0.082474227,0.060137457,0.116838488
Guatemala,English,French,Italian,0.711953515,0.07562654,0.0586709,0.711953515,0.023724817,0.07562654,0.355731677,0.201555771,0.0865272,0.140463768,0.083928591,0.067443472,0.064349522,Spanish,English,0.775647121,0.053094888,English,French,Italian,0.379476423,0.187947239,0.069000847,0.147819773,0.08076318,0.069638175,0.065354362
Guinea,English,French,Spanish,0.690269649,0.092757107,0.08277592,0.690269649,0.08277592,0.092757107,0.256087495,0.225134131,0.092447379,0.096161783,0.144655386,0.103693768,0.081820058,French,English,0.722460284,0.114182692,English,Spanish,French,0.274944568,0.246858832,0.084996305,0.101995565,0.111603843,0.093865484,0.085735403
Guyana,Spanish,French,Portuguese,0.490631024,0.111836525,0.086467035,0.079938311,0.490631024,0.111836525,0.247362719,0.128129098,0.112676056,0.200889548,0.132120659,0.063009637,0.115812283,English,Spanish,0.666803753,0.064156278,Spanish,French,English,0.227924025,0.128957014,0.106297901,0.212595801,0.150283239,0.058313895,0.115628124
Haiti,English,Spanish,French,0.613252944,0.196567882,0.072949843,0.613252944,0.196567882,0.072949843,0.21868024,0.185281491,0.124199681,0.118901018,0.147001104,0.07625414,0.129682326,French,English,0.688517353,0.137530666,English,Spanish,French,0.220136632,0.239238575,0.116667772,0.109172912,0.117331034,0.05869868,0.138754394
Honduras,English,French,Italian,0.677492438,0.087332605,0.060604649,0.677492438,0.024617673,0.087332605,0.324485824,0.198206616,0.105154502,0.13648702,0.09318876,0.069984821,0.072492457,Spanish,English,0.750506865,0.071178498,English,French,Italian,0.327849542,0.190967716,0.092419191,0.146624873,0.092778565,0.074310699,0.075049414
Hungary,English,German,Spanish,0.563345668,0.090531692,0.070427201,0.563345668,0.070427201,0.044643933,0.283122881,0.142567042,0.145806696,0.151784595,0.097693801,0.047352426,0.131672558,Hungarian,English,0.534797876,0.277427763,English,German,Spanish,0.298009705,0.131668894,0.12411562,0.164906112,0.10086504,0.047485758,0.132948871
Iceland,Spanish,Danish,French,0.23463303,0.137725411,0.096096805,0.079685527,0.23463303,0.096096805,0.266918611,0.083180738,0.171504266,0.169400397,0.111972572,0.069661433,0.127361982,English,Polish,0.611661347,0.028706906,Spanish,Danish,English,0.249765698,0.078256795,0.162839738,0.194236176,0.112230553,0.069119025,0.133552015
India,English,Hindi,French,0.405044599,0.148987776,0.108259751,0.405044599,0.094479431,0.108259751,0.287023987,0.173360092,0.073900961,0.176810343,0.129099568,0.058712819,0.10109223,English,Hindi,0.424816342,0.394772533,English,Hindi,French,0.217240952,0.199696535,0.081046854,0.201134521,0.114225645,0.063541114,0.123114379
Indonesia,English,Korean,Japanese,0.520394646,0.094736056,0.072444337,0.520394646,0.039023462,0.040480442,0.340841987,0.097120535,0.071347296,0.23270252,0.074463847,0.04761076,0.135913055,Indonesian,English,0.511375622,0.274144647,English,Korean,Japanese,0.310992753,0.09904324,0.074047692,0.238563943,0.078580564,0.052829537,0.145942271
Iran,English,German,French,0.222854878,0.160286974,0.149974403,0.222854878,0.09207171,0.149974403,0.19129418,0.120866961,0.183079364,0.156864737,0.117600986,0.092237951,0.138055821,English,Arabic,0.551647909,0.08635454,English,Turkish,French,0.184507912,0.107815686,0.190567474,0.168834898,0.112503949,0.09506476,0.140705322
Iraq,English,French,Turkish,0.695319545,0.068804237,0.054547403,0.695319545,0.024763279,0.068804237,0.26756691,0.0839713,0.092204541,0.165681295,0.161427354,0.146734093,0.082414507,Arabic,English,0.728189724,0.161189997,English,French,Turkish,0.244716213,0.088471008,0.091495533,0.172646313,0.159744596,0.159233203,0.083693135
Ireland,Irish,Spanish,French,0.226448805,0.188129153,0.159059284,0.076913573,0.188129153,0.159059284,0.383821096,0.07357875,0.136073826,0.118853383,0.09903045,0.091092584,0.09754991,English,Portuguese,0.610080826,0.020601709,Irish,Spanish,French,0.45523115,0.054783972,0.116006569,0.120682457,0.089741806,0.080223032,0.083331014
Israel,English,Spanish,Hebrew,0.234903074,0.166240553,0.136392559,0.234903074,0.166240553,0.09839682,0.190423248,0.087853749,0.140375335,0.190928382,0.14446098,0.107848648,0.138109659,English,Arabic,0.500874201,0.168088318,English,Spanish,Hebrew,0.158956446,0.078211986,0.133413383,0.216733981,0.146872612,0.117126951,0.148684641
Italy,English,French,Italian,0.521891218,0.1043982,0.08998663,0.521891218,0.08405074,0.1043982,0.256352293,0.162742284,0.174563088,0.133747365,0.067859023,0.11836908,0.086366866,Italian,English,0.567152116,0.191461324,English,French,Spanish,0.24759159,0.170726467,0.167375636,0.142508227,0.064087361,0.129219137,0.078491582
Jamaica,Spanish,French,Japanese,0.476490198,0.184363838,0.0545202,0.033105802,0.476490198,0.184363838,0.264039576,0.115416463,0.129875369,0.225036625,0.083101552,0.057878087,0.124652328,English,Spanish,0.701785856,0.021192158,Spanish,French,Japanese,0.240704501,0.116316047,0.121208415,0.24840998,0.084760274,0.056873777,0.131727006
Japan,English,Japanese,Chinese,0.649767081,0.088154659,0.071408365,0.649767081,0.041786545,0.034493435,0.211376439,0.161970015,0.186395221,0.101082678,0.130581129,0.117560208,0.09103431,Japanese,English,0.626635977,0.191957924,English,Chinese,Japanese,0.245141581,0.158180071,0.166713677,0.09950137,0.118600393,0.119260134,0.092602774
Jordan,English,French,Turkish,0.588886039,0.08149349,0.07131732,0.588886039,0.059680084,0.08149349,0.280972376,0.106933199,0.082921145,0.159875439,0.152924159,0.123628327,0.092745354,Arabic,English,0.604130798,0.257812708,English,French,Spanish,0.23608089,0.10562354,0.081348691,0.174176033,0.16094065,0.139999601,0.101830595
Kazakhstan,English,German,French,0.676983161,0.070539769,0.067168304,0.676983161,0.047164369,0.067168304,0.337602949,0.123771133,0.174758572,0.14820533,0.077346414,0.040813979,0.097501623,Russian,English,0.734188312,0.112777436,English,French,German,0.332465872,0.114596174,0.177213167,0.154933114,0.075811533,0.038716158,0.106263982
Kenya,French,Spanish,German,0.25910954,0.234452432,0.086315024,0.042445542,0.234452432,0.25910954,0.18811416,0.156275304,0.097215974,0.234877793,0.114879792,0.074863798,0.133773179,English,French,0.664724799,0.01334349,French,Spanish,German,0.188230856,0.161933502,0.085466401,0.241418333,0.112625963,0.075874333,0.134450612
Kuwait,English,French,Spanish,0.425080215,0.125134839,0.111992949,0.425080215,0.111992949,0.125134839,0.246502869,0.118965208,0.117431851,0.159648494,0.125860832,0.115557747,0.116032999,Arabic,English,0.410070093,0.378388179,English,Spanish,French,0.214086995,0.111415323,0.121439611,0.187017002,0.100596158,0.133583573,0.131861338
Kyrgyzstan,English,German,French,0.669258439,0.097821645,0.054432966,0.669258439,0.034352968,0.054432966,0.345463801,0.132268152,0.15403235,0.146718748,0.086433476,0.042416813,0.09266666,Russian,English,0.723605076,0.112342091,English,German,French,0.35815531,0.131213931,0.14604637,0.143515237,0.08281867,0.038726334,0.099524147
Lao,English,Spanish,French,0.510066511,0.104035592,0.075453892,0.510066511,0.104035592,0.075453892,0.235436658,0.128525734,0.156828535,0.207812349,0.094310362,0.075991083,0.10109528,Thai,English,0.339475103,0.327026784,English,Spanish,Chinese,0.253968254,0.130952381,0.117063492,0.205026455,0.102513228,0.084656085,0.105820106
Latvia,English,Spanish,German,0.264983521,0.141890565,0.130355545,0.264983521,0.141890565,0.096072419,0.220121188,0.157934922,0.174228764,0.162532287,0.098835226,0.063859512,0.1224881,English,Russian,0.435722548,0.29497239,English,Spanish,German,0.204754238,0.145278909,0.166587745,0.180604224,0.107112416,0.069987688,0.12567478
Lebanon,English,Spanish,French,0.317358194,0.155300266,0.139177844,0.317358194,0.155300266,0.139177844,0.202831841,0.10919395,0.145583064,0.163613546,0.124049364,0.150434355,0.10429388,English,Arabic,0.441777145,0.288952023,English,Spanish,French,0.163131042,0.09962406,0.124328679,0.186588921,0.119054013,0.195066749,0.112206537
Libya,English,French,German,0.669823882,0.092437219,0.050550332,0.669823882,0.035752702,0.092437219,0.255696381,0.096409615,0.090405457,0.166491756,0.161678339,0.149034289,0.080284163,Arabic,English,0.706070808,0.172187433,English,French,German,0.240464753,0.095578273,0.083466765,0.171121238,0.161103584,0.162499487,0.085765899
Lithuania,English,Spanish,Russian,0.214425148,0.153249276,0.134266245,0.214425148,0.153249276,0.09718986,0.20051061,0.134909088,0.171374713,0.176352705,0.111821817,0.076198058,0.128833008,English,Russian,0.508823443,0.143257521,English,Spanish,Russian,0.182422741,0.114486895,0.164384752,0.200243404,0.118442213,0.081583866,0.138436128
Luxembourg,English,French,Spanish,0.225223868,0.216590903,0.133362543,0.225223868,0.133362543,0.216590903,0.212249318,0.177867094,0.143172494,0.137070743,0.118619713,0.088589933,0.122430705,English,French,0.408830134,0.117178301,English,French,Spanish,0.20382025,0.161422104,0.131500497,0.151043392,0.120128078,0.100253947,0.131831732
Macedonia,German,Spanish,English,0.308880651,0.137964265,0.090989547,0.090989547,0.137964265,0.082247549,0.216784558,0.167701714,0.118307157,0.154154178,0.118091356,0.089245894,0.135715142,English,Turkish,0.63290492,0.036187348,German,Spanish,English,0.216685476,0.129872385,0.120322945,0.173018491,0.12692074,0.096796597,0.136383367
Madagascar,English,Spanish,German,0.534966805,0.121289708,0.09068445,0.534966805,0.121289708,0.076036798,0.213290159,0.225890469,0.109320006,0.138462621,0.124665634,0.103829368,0.084541743,French,English,0.622584775,0.162910477,English,Spanish,German,0.203488372,0.235465116,0.106104651,0.146802326,0.102713178,0.10755814,0.097868217
Malawi,French,Spanish,Portuguese,0.280931811,0.177414378,0.078525147,0.06541191,0.177414378,0.280931811,0.213286713,0.141802642,0.117715618,0.178710179,0.146464646,0.081196581,0.120823621,English,French,0.668929343,0.015427337,French,Spanish,Portuguese,0.206467662,0.169154229,0.087064677,0.196517413,0.129353234,0.082089552,0.129353234
Malaysia,Korean,Japanese,Chinese,0.161104138,0.147865498,0.136187678,0.132856614,0.100597062,0.090851496,0.182075282,0.119206253,0.113680891,0.223453435,0.110678341,0.089147209,0.161758588,English,Chinese,0.523916087,0.069663877,Korean,Japanese,Chinese,0.171265747,0.116766647,0.104469106,0.242321536,0.110962807,0.092906419,0.161307738
Maldives,Spanish,English,French,0.206227453,0.132534762,0.112675563,0.132534762,0.206227453,0.112675563,0.106476,0.127151835,0.157755715,0.223244376,0.110939065,0.066126241,0.208306767,English,German,0.575986831,0.029175861,Spanish,Arabic,French,0.095939086,0.124365482,0.112690355,0.255837563,0.120812183,0.056852792,0.233502538
Mali,English,French,Spanish,0.696294698,0.113316434,0.079068011,0.696294698,0.079068011,0.113316434,0.256122559,0.236055669,0.09903981,0.093537598,0.135936994,0.097097853,0.082209516,French,English,0.698506014,0.129874333,English,French,Spanish,0.273103448,0.263448276,0.094482759,0.084137931,0.104137931,0.080689655,0.1
Malta,Spanish,Italian,English,0.180654305,0.178534424,0.175723796,0.175723796,0.180654305,0.121392928,0.227021951,0.158704073,0.157256329,0.152639199,0.117971593,0.070117776,0.116289079,English,Italian,0.543856515,0.043719556,Italian,Spanish,English,0.222754704,0.140930067,0.129925453,0.193645722,0.121760738,0.069932552,0.121050763
Mauritania,English,French,Spanish,0.509162048,0.259732638,0.090609716,0.509162048,0.090609716,0.259732638,0.300595421,0.155668774,0.089558652,0.104045178,0.13197471,0.127125407,0.091031858,Arabic,French,0.395109227,0.331887838,English,French,Spanish,0.288923315,0.154144074,0.090627421,0.112316034,0.121611154,0.130906274,0.101471727
Mauritius,Spanish,English,French,0.221340636,0.198473997,0.184431026,0.198473997,0.221340636,0.184431026,0.204479179,0.169077336,0.132975621,0.169485594,0.112795987,0.087600607,0.123585676,English,French,0.549805739,0.186560876,Spanish,English,French,0.204488778,0.163519772,0.111150695,0.178482366,0.111150695,0.096188101,0.135019594
Mexico,English,French,Italian,0.674175771,0.100408081,0.056828193,0.674175771,0.026195595,0.100408081,0.379184163,0.162614604,0.104971471,0.127632132,0.082000933,0.080594281,0.063002416,Spanish,English,0.745471229,0.066628329,English,French,Italian,0.409998029,0.147214897,0.083051941,0.135112944,0.073450523,0.085138678,0.066032986
Moldova,English,German,French,0.62263965,0.081864108,0.070818467,0.62263965,0.053718158,0.070818467,0.306574157,0.14514193,0.145597003,0.127776605,0.095209202,0.065781143,0.11391996,Romanian,Russian,0.284760726,0.271793475,English,French,German,0.292466981,0.135660191,0.150404273,0.13672118,0.098598763,0.06804961,0.118099001
Monaco,English,French,Italian,0.262061228,0.248116685,0.13912486,0.262061228,0.125821446,0.248116685,0.154276986,0.200610998,0.186354379,0.116598778,0.124236253,0.107942974,0.109979633,English,French,0.402949191,0.261099535,English,French,Italian,0.167682927,0.182926829,0.146341463,0.137195122,0.12804878,0.085365854,0.152439024
Mongolia,English,Korean,Japanese,0.21459753,0.200960552,0.13751481,0.21459753,0.061648683,0.060424138,0.303432558,0.099912223,0.120008624,0.162280364,0.123627516,0.100081618,0.090657098,English,Russian,0.554965371,0.075373128,Korean,English,Japanese,0.306490088,0.09418442,0.12034219,0.160730443,0.120259933,0.102081106,0.09591182
Montenegro,German,Spanish,Italian,0.17568461,0.168290476,0.142889453,0.131580779,0.168290476,0.096889245,0.209951788,0.148094242,0.156918039,0.147366506,0.114300009,0.085554444,0.137814973,English,Russian,0.585510978,0.062615261,Spanish,Italian,German,0.201171202,0.129176714,0.153634172,0.168446435,0.121598347,0.090251464,0.135721667
Morocco,English,French,Spanish,0.493756926,0.222614884,0.107374324,0.493756926,0.107374324,0.222614884,0.258504031,0.11526718,0.105293993,0.138790745,0.18410634,0.105355994,0.092681717,French,Arabic,0.42935035,0.320402972,English,French,Spanish,0.246266569,0.11298224,0.108287293,0.141972352,0.175941953,0.11554312,0.099006473
Mozambique,English,French,Portuguese,0.590691127,0.095068409,0.094745795,0.590691127,0.088410834,0.095068409,0.346813077,0.178959156,0.074657044,0.151024979,0.099231655,0.052850966,0.096463123,Portuguese,English,0.616866834,0.182130131,English,French,Spanish,0.352247191,0.181460674,0.061985019,0.159925094,0.094756554,0.052247191,0.097378277
Myanmar,Japanese,Chinese,Korean,0.206847567,0.166722847,0.148243565,0.136614259,0.113042641,0.083331327,0.172563281,0.184123696,0.114062763,0.179306857,0.134148985,0.080874738,0.134919679,English,Chinese,0.595574603,0.047769244,Japanese,Chinese,Korean,0.16887149,0.182910367,0.107586393,0.189659827,0.132154428,0.086528078,0.132289417
Namibia,German,Spanish,French,0.208740508,0.190221396,0.15840569,0.065137291,0.190221396,0.15840569,0.209557636,0.114627058,0.107684856,0.197933484,0.165321279,0.067323216,0.13755247,English,Portuguese,0.646663035,0.031238986,German,Spanish,Portuguese,0.218987342,0.102531646,0.097468354,0.211392405,0.165400844,0.067932489,0.13628692
Nepal,English,Spanish,French,0.255110663,0.158438721,0.095388149,0.255110663,0.158438721,0.095388149,0.239852278,0.122099484,0.107016798,0.218363945,0.120677822,0.073125694,0.118863978,English,Hindi,0.530850711,0.195439968,Spanish,English,French,0.188064747,0.129688617,0.108366378,0.25885718,0.107651303,0.064811805,0.142559969
Netherlands,English,Spanish,Dutch,0.289829487,0.171138647,0.100801177,0.289829487,0.171138647,0.09406741,0.239331796,0.112363148,0.176163089,0.152005358,0.115824757,0.075705161,0.128606691,English,Dutch,0.458742951,0.225071535,English,Spanish,German,0.259957413,0.090149053,0.156214278,0.173680377,0.110568195,0.076342037,0.133088647
New-Zealand,Spanish,French,Japanese,0.223053895,0.166782641,0.092251825,0.065154839,0.223053895,0.166782641,0.187468867,0.060623557,0.17197052,0.185561291,0.125622651,0.107978988,0.160774125,English,Spanish,0.622351893,0.016712287,Spanish,French,Japanese,0.166990585,0.055130863,0.156625205,0.220588235,0.126716766,0.109549106,0.16439924
Nicaragua,English,French,Portuguese,0.691029689,0.077160545,0.048636758,0.691029689,0.036241516,0.077160545,0.352842096,0.217695431,0.087322369,0.123628233,0.088969961,0.060835859,0.068706052,Spanish,English,0.755932271,0.068789907,English,French,Italian,0.37998565,0.200861014,0.068248006,0.132824041,0.086861098,0.063141012,0.06807918
Niger,English,French,Spanish,0.560708263,0.172287802,0.106942102,0.560708263,0.106942102,0.172287802,0.229554784,0.238711715,0.100094727,0.092516577,0.131986107,0.11998737,0.087148721,French,English,0.567594154,0.199971894,English,French,Spanish,0.242888403,0.258205689,0.076586433,0.09190372,0.131291028,0.102844639,0.096280088
Nigeria,French,Spanish,German,0.353288822,0.242810551,0.087882678,0.030571398,0.242810551,0.353288822,0.186252713,0.171662908,0.138515382,0.23933556,0.076879707,0.058050721,0.129303008,English,French,0.696066833,0.015015803,French,Spanish,German,0.160604812,0.18704112,0.134071579,0.258717197,0.072499939,0.055901524,0.131163828
Norway,Spanish,Norwegian,French,0.231677375,0.149543721,0.119409031,0.056556132,0.231677375,0.119409031,0.303643432,0.094473875,0.157688936,0.149003392,0.106242616,0.077476276,0.111471474,English,Norwegian,0.651965208,0.036823036,Spanish,Norwegian,French,0.285826445,0.08010381,0.148670752,0.177698297,0.100364207,0.085752295,0.121584193
Oman,English,French,Spanish,0.58375752,0.08431363,0.072391761,0.58375752,0.072391761,0.08431363,0.325322662,0.092881276,0.070886744,0.171126404,0.133865424,0.100738037,0.105179452,Arabic,English,0.578237009,0.269234516,English,French,Spanish,0.286641668,0.0954397,0.07096488,0.1866457,0.125922342,0.114632474,0.119753236
Pakistan,English,Spanish,Turkish,0.197900666,0.11459796,0.113496933,0.197900666,0.11459796,0.097498264,0.158611014,0.10099791,0.122041733,0.220771949,0.151708391,0.10694244,0.138926563,English,Hindi,0.562031357,0.080024753,English,Spanish,French,0.12804718,0.105871185,0.11463656,0.249893967,0.13247026,0.10486135,0.164219498
Panama,English,French,Portuguese,0.665267694,0.083218403,0.059336355,0.665267694,0.041574756,0.083218403,0.353969703,0.18443602,0.098932824,0.129137189,0.08523571,0.072184252,0.076104301,Spanish,English,0.734552651,0.08430039,English,French,Portuguese,0.359271256,0.193618362,0.076934352,0.139065179,0.07482375,0.076436015,0.079851085
Paraguay,English,Portuguese,Guarani,0.501398276,0.11494352,0.10661659,0.501398276,0.031229908,0.061599941,0.287754757,0.147382296,0.123297394,0.1512421,0.093514043,0.109906378,0.086903032,Spanish,English,0.631056365,0.048926594,English,Portuguese,Guarani,0.309703853,0.14397614,0.100653752,0.161570211,0.085951857,0.112132076,0.086012111
Peru,English,French,Portuguese,0.628022405,0.088467394,0.080622187,0.628022405,0.025179592,0.088467394,0.377222326,0.15086058,0.109439683,0.120380171,0.083077767,0.093758515,0.065260958,Spanish,English,0.722599348,0.055204416,English,French,Portuguese,0.399452824,0.147516719,0.093468631,0.123603109,0.075761414,0.098545931,0.061651371
Philippines,Korean,Spanish,Japanese,0.220162569,0.205292975,0.188852203,0.036558924,0.205292975,0.104051824,0.115682778,0.101400119,0.126600372,0.324332569,0.094220264,0.08502766,0.152736239,English,Chinese,0.643329485,0.01195509,Korean,Spanish,Japanese,0.098680853,0.093612589,0.12496592,0.348934266,0.08938321,0.089005711,0.15541745
Poland,English,Spanish,German,0.582803078,0.086464976,0.068690441,0.582803078,0.086464976,0.042044119,0.227801702,0.190421678,0.199778609,0.114762567,0.108311622,0.042946304,0.115977519,Polish,English,0.548030938,0.251552636,English,Spanish,German,0.240651899,0.176488162,0.185749667,0.122876219,0.110661771,0.043605708,0.119966574
Portugal,English,French,Spanish,0.396136176,0.140527422,0.114047104,0.396136176,0.114047104,0.140527422,0.264156082,0.191680856,0.137816886,0.117090415,0.093064207,0.105343035,0.090848519,Portuguese,English,0.499461302,0.192177211,English,French,Spanish,0.253031914,0.192680391,0.111598342,0.136940963,0.089290622,0.130022822,0.086434947
Qatar,English,French,Spanish,0.305091274,0.140042579,0.136919417,0.305091274,0.136919417,0.140042579,0.209824177,0.153542679,0.11277964,0.156370436,0.135492919,0.098994322,0.132995827,English,Arabic,0.473934611,0.247437706,English,Spanish,French,0.179969347,0.14460033,0.113416647,0.17879038,0.124322094,0.108818675,0.150082528
Romania,English,Spanish,German,0.475244049,0.091917561,0.089742074,0.475244049,0.091917561,0.086272704,0.247077088,0.17259461,0.14552834,0.122846954,0.090349814,0.106096035,0.115507159,Romanian,English,0.395482766,0.339033679,English,Spanish,French,0.236286458,0.161390869,0.141595521,0.136550989,0.091744875,0.116352352,0.116078935
Russia,English,German,French,0.63161165,0.092774233,0.072732698,0.63161165,0.072248168,0.072732698,0.286332727,0.122372907,0.239424089,0.152592748,0.057675691,0.043565675,0.098036162,Russian,English,0.699509703,0.106636991,English,German,French,0.275533826,0.114643853,0.240946944,0.161904637,0.06060737,0.040712444,0.105650926
Rwanda,French,Spanish,English,0.285880227,0.192866976,0.168473585,0.168473585,0.192866976,0.285880227,0.193601822,0.175276944,0.100424475,0.210063154,0.150636712,0.05901232,0.110984574,English,French,0.576621924,0.154792635,French,Spanish,English,0.196365768,0.172332943,0.087338804,0.213950762,0.157092614,0.050410317,0.122508792
Saudi-Arabia,English,French,Spanish,0.717369579,0.067051283,0.042995057,0.717369579,0.042995057,0.067051283,0.304065607,0.100802535,0.079272152,0.15119107,0.141964282,0.120292929,0.102411425,Arabic,English,0.72623634,0.16988018,English,French,Spanish,0.243987061,0.111300673,0.085459383,0.169583138,0.134486357,0.138941931,0.116241457
Senegal,English,Spanish,French,0.606142292,0.116831313,0.101327558,0.606142292,0.116831313,0.101327558,0.285461696,0.186659757,0.119074475,0.093223181,0.141511447,0.088498003,0.085571442,French,English,0.658823896,0.140624513,English,Spanish,French,0.2803513,0.217323919,0.117961081,0.096607543,0.111072843,0.083347684,0.093335629
Serbia,German,Spanish,English,0.236240573,0.170543757,0.093323688,0.093323688,0.170543757,0.093010534,0.19097006,0.159591763,0.1420014,0.155816888,0.114370423,0.091528301,0.145721166,English,German,0.617596052,0.021009028,Spanish,German,English,0.169874621,0.132184349,0.151815498,0.172807791,0.121391051,0.097733983,0.154192707
Seychelles,French,Spanish,German,0.173476005,0.165693904,0.157003891,0.145654994,0.165693904,0.173476005,0.148003671,0.177604406,0.165213401,0.162689307,0.107159247,0.098210188,0.14111978,English,German,0.610440986,0.05843061,French,Spanish,German,0.125179856,0.182733813,0.148201439,0.191366906,0.109352518,0.102158273,0.141007194
Sierra-Leone,French,Spanish,English,0.392928089,0.179181565,0.097934048,0.097934048,0.179181565,0.392928089,0.202720491,0.206669592,0.150065818,0.156647652,0.113646336,0.059675296,0.110574814,English,French,0.687524831,0.036750099,French,Spanish,English,0.214492754,0.188405797,0.130434783,0.173913043,0.104347826,0.072463768,0.115942029
Singapore,Japanese,English,Spanish,0.139524992,0.128841307,0.123623909,0.128841307,0.123623909,0.118917292,0.161297864,0.145645717,0.147701855,0.162790821,0.109405633,0.11449019,0.158667921,English,Chinese,0.552743267,0.07444961,Japanese,English,Korean,0.145589855,0.140646409,0.132317778,0.183203031,0.113994788,0.120765159,0.16348298
Slovakia,English,German,Spanish,0.372090919,0.128209659,0.116936396,0.372090919,0.116936396,0.06109798,0.215911526,0.150601802,0.209786376,0.17304178,0.099111475,0.049965341,0.1015817,English,Czech,0.420874928,0.30624188,English,Spanish,German,0.222204442,0.132752992,0.198169366,0.187447993,0.099788773,0.052102669,0.107533764
Slovenia,German,Spanish,Italian,0.23145394,0.175049899,0.120936491,0.072210516,0.175049899,0.096078682,0.185829514,0.143446379,0.171824015,0.186892759,0.112208983,0.073253896,0.126544455,English,German,0.595986946,0.029700383,German,Spanish,Italian,0.182070769,0.117267304,0.156574324,0.204380159,0.125357522,0.078777478,0.135572444
Somalia,English,Turkish,Arabic,0.287582584,0.135194411,0.11800065,0.287582584,0.099263511,0.08358605,0.25829865,0.120495381,0.108060095,0.15125368,0.156227794,0.093493046,0.112171353,English,Arabic,0.490712661,0.229042565,English,Turkish,Arabic,0.242644733,0.1274913,0.102815565,0.15469788,0.164504904,0.096804809,0.11104081
South-Africa,French,Spanish,German,0.204245258,0.19658843,0.108040251,0.045127896,0.19658843,0.204245258,0.115962291,0.105998065,0.149436766,0.230380017,0.139547993,0.096375596,0.162299273,English,Arabic,0.65447172,0.012285842,Spanish,French,German,0.109964103,0.093035111,0.131969668,0.25404108,0.14106077,0.103974171,0.165955097
South-Korea,English,Korean,Spanish,0.569992847,0.089908329,0.078042454,0.569992847,0.078042454,0.0481427,0.209638648,0.105385075,0.212261013,0.131810257,0.146721315,0.085748904,0.108434788,Korean,English,0.539224988,0.266111419,English,Korean,Spanish,0.248299935,0.097081033,0.188349164,0.130957182,0.1426108,0.082367993,0.110333894
Spain,English,French,Spanish,0.461368829,0.130680439,0.098680247,0.461368829,0.098680247,0.130680439,0.292880121,0.153916714,0.140556761,0.114811798,0.088351845,0.11533747,0.09414529,Spanish,English,0.586418982,0.142322901,English,French,Italian,0.299811121,0.159141314,0.11600593,0.121704781,0.084511962,0.125531094,0.093293797
Sri-Lanka,French,Spanish,English,0.186082563,0.156387438,0.098076592,0.098076592,0.156387438,0.186082563,0.175488455,0.14318896,0.16540511,0.195901079,0.111791228,0.079355103,0.128870064,English,Russian,0.61430786,0.022185221,French,Spanish,Japanese,0.148997135,0.135762041,0.149270023,0.22663392,0.116250512,0.085277664,0.137808705
St-Lucia,Spanish,French,English,0.412269531,0.301644427,0.041747412,0.041747412,0.412269531,0.301644427,0.32032032,0.118404118,0.120692121,0.191906192,0.095381095,0.055198055,0.098098098,English,Spanish,0.715574996,0.024860196,Spanish,French,English,0.405078597,0.107617896,0.087061669,0.188633615,0.090084643,0.032043531,0.089480048
St-Vincent-Grenadines,Spanish,French,English,0.449403447,0.259942554,0.045956695,0.045956695,0.449403447,0.259942554,0.281445646,0.130051224,0.132327832,0.198064883,0.110984633,0.044393853,0.102731929,English,Spanish,0.73199293,0.025629695,Spanish,French,English,0.279843444,0.146771037,0.113502935,0.191780822,0.105675147,0.048923679,0.113502935
Sudan,English,French,German,0.683128649,0.106452325,0.04724743,0.683128649,0.044105838,0.106452325,0.273872155,0.127261461,0.079984934,0.144113823,0.130566322,0.140237901,0.103963404,Arabic,English,0.710811725,0.160668324,English,French,Spanish,0.24753074,0.115178391,0.076557146,0.152187059,0.141503729,0.151904858,0.115138077
Suriname,English,Spanish,French,0.270619076,0.254352356,0.120958527,0.270619076,0.254352356,0.120958527,0.256638628,0.118258288,0.119825169,0.183984826,0.12716477,0.067458354,0.126669965,English,Dutch,0.458492976,0.156315117,English,Spanish,French,0.252058554,0.118023788,0.106129918,0.200365965,0.122598353,0.072278134,0.128545288
Sweden,Swedish,Spanish,French,0.197891767,0.173481859,0.109145441,0.096974117,0.173481859,0.109145441,0.261585609,0.109977334,0.148042819,0.141800442,0.130951269,0.083626917,0.124015609,English,Arabic,0.582025238,0.05130311,Swedish,Spanish,English,0.250429333,0.097480658,0.1315263,0.165359489,0.128782111,0.089850043,0.136572066
Switzerland,English,French,German,0.279605721,0.174331632,0.164332976,0.279605721,0.141333653,0.174331632,0.235394382,0.160919366,0.18830995,0.120099896,0.11887266,0.075846186,0.100557559,English,German,0.277564933,0.271169658,English,French,Spanish,0.294838355,0.139577184,0.164687579,0.122577619,0.109250235,0.07304322,0.096025808
Tajikistan,English,German,Russian,0.64275548,0.122782048,0.05601417,0.64275548,0.036784009,0.04921403,0.338997507,0.164610943,0.126951844,0.142041727,0.092179504,0.047106679,0.088111796,Russian,English,0.707783787,0.129613815,English,German,Russian,0.320304017,0.179695983,0.11834962,0.136807818,0.102605863,0.04723127,0.095005429
Tanzania,French,Swahili,Spanish,0.195057267,0.184830353,0.179973811,0.084749134,0.179973811,0.195057267,0.17253813,0.160353117,0.119902188,0.198234416,0.149743037,0.072115385,0.127113727,English,French,0.648157664,0.018332201,French,Spanish,Swahili,0.180628873,0.144135873,0.086756943,0.227220565,0.163185678,0.064493918,0.13357815
Thailand,English,Spanish,Japanese,0.538538939,0.079024114,0.072657485,0.538538939,0.079024114,0.058251726,0.320043802,0.14551987,0.115989784,0.20909921,0.077656252,0.051153281,0.080537801,Thai,English,0.465321949,0.301881713,English,Japanese,Korean,0.346955966,0.134286918,0.093247438,0.218440469,0.078366532,0.049571823,0.079130855
Togo,English,Spanish,French,0.560402939,0.125047338,0.106187988,0.560402939,0.125047338,0.106187988,0.23201637,0.197229655,0.152211554,0.085943649,0.141350543,0.110498977,0.080749252,French,English,0.664470196,0.166553056,English,Spanish,German,0.253985122,0.217853348,0.153028693,0.089266738,0.119022317,0.092454835,0.074388948
Trinidad-Tobago,Spanish,French,English,0.481670799,0.127044794,0.115033601,0.115033601,0.481670799,0.127044794,0.238412764,0.123401909,0.113339536,0.179640925,0.131344981,0.072107929,0.141751956,English,Spanish,0.624947655,0.111430907,Spanish,English,French,0.235912211,0.120328786,0.108804339,0.19235658,0.125158885,0.073892043,0.143547157
Tunisia,English,German,French,0.404413773,0.150405327,0.126284316,0.404413773,0.104626435,0.126284316,0.251061126,0.139214301,0.120439895,0.137012635,0.136147304,0.130314532,0.085810208,French,English,0.476597517,0.189793323,English,Spanish,German,0.219105882,0.146352941,0.123505882,0.144541176,0.120917647,0.152588235,0.092988235
Turkey,English,German,Russian,0.633611687,0.116080539,0.052785093,0.633611687,0.041517171,0.030850721,0.301506477,0.149987251,0.097434382,0.116575262,0.075795279,0.140863039,0.117838312,Turkish,English,0.656161608,0.149680026,English,German,Russian,0.27532934,0.142184559,0.092772263,0.123221026,0.081390272,0.161214767,0.123887772
Turkmenistan,English,Russian,German,0.614931776,0.094783918,0.08013508,0.614931776,0.044585406,0.064345366,0.326102231,0.145178289,0.113384859,0.168891621,0.103723871,0.047426664,0.095292464,Russian,English,0.589969425,0.137589559,English,Russian,German,0.326036866,0.139400922,0.115207373,0.164170507,0.108870968,0.053571429,0.092741935
UAE,English,French,Spanish,0.249413297,0.158767466,0.130203695,0.249413297,0.130203695,0.158767466,0.21847316,0.161643545,0.111791193,0.160354682,0.126479881,0.090155153,0.131102386,English,Arabic,0.523935959,0.177509958,English,French,Spanish,0.184214653,0.161232375,0.108410202,0.181862249,0.121512382,0.099756205,0.143011933
Uganda,French,Spanish,Swahili,0.284394549,0.163280151,0.125794093,0.078827409,0.163280151,0.284394549,0.20076281,0.185672434,0.110496932,0.181195069,0.139627439,0.065004698,0.117240617,English,French,0.661219146,0.03283061,French,Spanish,Swahili,0.193742099,0.18710493,0.098609355,0.173198483,0.146017699,0.067319848,0.134007585
Ukraine,English,German,Spanish,0.667993512,0.087719627,0.056016637,0.667993512,0.056016637,0.051542147,0.286816712,0.13950046,0.211678853,0.1445488,0.082852983,0.035906035,0.098696156,Russian,Ukrainian,0.50158631,0.234936774,English,German,Spanish,0.287325966,0.125801732,0.212209329,0.148434265,0.088790938,0.03320113,0.104236641
Uruguay,English,Portuguese,Italian,0.494418015,0.110782588,0.105461127,0.494418015,0.036544195,0.095903461,0.25916649,0.129342558,0.159310086,0.158396293,0.082241405,0.119274513,0.092268655,Spanish,English,0.661874474,0.078375937,English,Portuguese,Italian,0.277067669,0.118536726,0.135425101,0.172151533,0.08377675,0.121920185,0.091122036
USA,Spanish,English,French,0.324818756,0.157656769,0.119244591,0.157656769,0.324818756,0.119244591,0.224432839,0.109131797,0.109511643,0.167258821,0.131289472,0.107421373,0.150954055,English,Spanish,0.565631938,0.095606917,Spanish,English,French,0.240704011,0.099770911,0.091201512,0.180369891,0.123633711,0.110800416,0.153519547
Uzbekistan,English,Russian,German,0.604215986,0.091249212,0.069538787,0.604215986,0.048417221,0.057089495,0.330006646,0.161364643,0.126063358,0.138834736,0.107465662,0.051550731,0.084714222,Russian,English,0.639595056,0.189130512,English,Russian,German,0.336699459,0.155775621,0.129389537,0.142354551,0.097009577,0.045410124,0.093361131
Venezuela,English,Italian,Portuguese,0.665888315,0.080344159,0.074873113,0.665888315,0.014857046,0.074343224,0.307051205,0.18130098,0.110807784,0.138928725,0.09432759,0.092516528,0.075067188,Spanish,English,0.765371368,0.038544563,English,Italian,French,0.314691291,0.173057144,0.095993284,0.149816983,0.08613153,0.102671144,0.077638624
Vietnam,English,Chinese,Vietnamese,0.7757667,0.044535864,0.040591816,0.7757667,0.014342295,0.020622407,0.261692661,0.186468203,0.082249028,0.231016118,0.096411752,0.060565588,0.08159665,Vietnamese,English,0.768796876,0.150851315,English,Vietnamese,Chinese,0.254541691,0.194276008,0.078362434,0.223821352,0.103840956,0.059343342,0.085814217
Yemen,English,French,German,0.790831077,0.060748006,0.031279734,0.790831077,0.019688209,0.060748006,0.337874133,0.130676731,0.085631528,0.146581234,0.107925919,0.113297639,0.078012815,Arabic,English,0.813355412,0.108641953,English,French,Turkish,0.313149262,0.120420995,0.086386003,0.149125205,0.117003827,0.125341717,0.088572991
Zambia,French,Spanish,English,0.278687337,0.201608229,0.082657201,0.082657201,0.201608229,0.278687337,0.198141637,0.123723422,0.103465595,0.216390424,0.139544617,0.082119538,0.136614766,English,French,0.64749348,0.039626195,French,Spanish,Chinese,0.167020148,0.127253446,0.095440085,0.235418876,0.147932131,0.083775186,0.143160127
Zimbabwe,French,Spanish,German,0.355642645,0.172627654,0.089148467,0.030857621,0.172627654,0.355642645,0.253227591,0.154463298,0.099594246,0.2025083,0.116838805,0.061785319,0.111582442,English,French,0.71029602,0.013012708,French,Spanish,German,0.231837607,0.151175214,0.105235043,0.206730769,0.116987179,0.069444444,0.118589744